<?xml version="1.0" encoding="UTF-8"?>
<project-private xmlns="http://www.netbeans.org/ns/project-private/1">
    <editor-bookmarks xmlns="http://www.netbeans.org/ns/editor-bookmarks/2" lastBookmarkId="0"/>
    <open-files xmlns="http://www.netbeans.org/ns/projectui-open-files/2">
        <group>
            <file>file:/C:/Users/villa/OneDrive/Documents/NetBeansProjects/JavaTicket_1/src/JavaTicket/PanelDeportes.java</file>
            <file>file:/C:/Users/villa/OneDrive/Documents/NetBeansProjects/JavaTicket_1/src/JavaTicket/Perfil.java</file>
            <file>file:/C:/Users/villa/OneDrive/Documents/NetBeansProjects/JavaTicket_1/src/Paneles/Editaruser.java</file>
            <file>file:/C:/Users/villa/OneDrive/Documents/NetBeansProjects/JavaTicket_1/src/JavaTicket/EditarEvento.java</file>
            <file>file:/C:/Users/villa/OneDrive/Documents/NetBeansProjects/JavaTicket_1/src/JavaTicket/Controlardeportivo.java</file>
            <file>file:/C:/Users/villa/OneDrive/Documents/NetBeansProjects/JavaTicket_1/src/JavaTicket/EliminarEvento.java</file>
            <file>file:/C:/Users/villa/OneDrive/Documents/NetBeansProjects/JavaTicket_1/src/JavaTicket/vereventos.java</file>
            <file>file:/C:/Users/villa/OneDrive/Documents/NetBeansProjects/JavaTicket_1/src/JavaTicket/cancelados.java</file>
            <file>file:/C:/Users/villa/OneDrive/Documents/NetBeansProjects/JavaTicket_1/src/JavaTicket/Eventodeportivo.java</file>
            <file>file:/C:/Users/villa/OneDrive/Documents/NetBeansProjects/JavaTicket_1/src/JavaTicket/IngresoGenerado.java</file>
            <file>file:/C:/Users/villa/OneDrive/Documents/NetBeansProjects/JavaTicket_1/src/JavaTicket/Controlarmusical.java</file>
            <file>file:/C:/Users/villa/OneDrive/Documents/NetBeansProjects/JavaTicket_1/src/JavaTicket/musicos.java</file>
        </group>
    </open-files>
</project-private>
